id;nb_chart_id;nb_chart_title;nb_chart_type;nb_chart_params;nb_last_updated;nb_last_updated_by
1;SMTP moderator Communications;system Investment Overpass;Alabama analyzer;yellow Market killer;District Dobra red;Data port Peso
2;payment;invoice;Representative XSS;Consultant;Global Creative;architectures
3;Guadeloupe California;Handcrafted SSL Regional;context-sensitive Table;Computers teal;Oklahoma;Loop
4;Brand Investment Chief;indexing maximize;Marketing;Usability Wooden;channels quantify;Soap
5;application;solid;Functionality;IB multi-byte plum;impactful Money bypass;Soft
6;Senior;Investment Borders;Market experiences Regional;Frozen Frozen interactive;multi-byte invoice Wooden;navigating
7;National deposit Guam;Refined Mexico;cutting-edge Bedfordshire;one-to-one parse Iowa;scale transform Oval;transmitter Account
8;core e-tailers;Unbranded model;Intranet Ohio Factors;Row Business-focused;Harbors salmon;paradigms Organized object-oriented
9;back-end Orchestrator;reintermediate Analyst;Idaho;Cheese compressing;robust Delaware;Configuration Hat override
10;B2B;Table;invoice;full-range bypassing generate;support;Soap scalable gold
