id;nb_user_id;nb_auth_type;nb_password_hash;nb_first_name;nb_last_name;nb_address;nb_email_id;nb_phone;nb_is_active;nb_is_suspended;nb_is_banished;nb_last_updated;nb_last_updated_by
1;Expanded;Intelligent;synthesize Pound;online Czech;bus;Money;Gardens Soap Fall;parsing Rubber;transmit;parse Dobra Reverse-engineered;SSL;strategic;Quality
2;experiences 24/7;Buckinghamshire;harness orchestrate;next-generation Frozen;compelling capacitor;Toys Liaison array;Salad Granite Islands;Tonga Anguilla;Wall Cape;Table bypassing;Computer systems schemas;silver Licensed;index
3;mobile mobile Dynamic;orange ADP optimizing;HDD lavender Kansas;indexing Incredible;Louisiana rich;optimizing;schemas;Steel;Baby;cutting-edge;Representative;SSL Quality;Alaska ivory
4;programming;plum Argentine context-sensitive;Berkshire SDD;override;digital Designer Response;Montana Handmade Forward;navigating mission-critical Rufiyaa;Krona;firewall envisioneer;Games Versatile;auxiliary Principal;transmitter;optical
5;Configurable plum Quality;Lira;calculate Handcrafted;maximize azure monitor;connecting;Cambridgeshire withdrawal;responsive red Ways;Communications Dobra;methodical Cambodia open-source;bypass Qatari;salmon Applications;plug-and-play transmitter;Account support Singapore
6;Toys;array Proactive;Chief SMS;transitional definition Tasty;Granite 24/365;architect;Kuwait;withdrawal Sri payment;USB leading-edge;Manager Loan;solutions;Alabama Analyst;yellow Music e-business
7;Oregon invoice Industrial;optimal Mountains brand;action-items e-services invoice;Refined Sweden;America;International;product Director Shirt;Senior Global Generic;Account Practical haptic;e-enable;Mozambique Brooks;Metal reintermediate;Legacy infrastructures tertiary
8;Ergonomic solutions;Nebraska Investor Account;Georgia withdrawal Venezuela;redundant;Automotive Director Internal;auxiliary Lead generate;Salad Web;bypass;deposit concept Pizza;models Chicken;Utah Generic;hacking;content-based hierarchy
9;Networked back;Industrial Chair;Concrete Public-key;open-source;Extended Sleek;Developer;override;Tactics Washington invoice;Ball turquoise Buckinghamshire;Rustic;Liaison Applications Integration;pixel Oklahoma sensor;maroon Ergonomic Soft
10;Internal solutions;virtual SAS Future;holistic back-end;bluetooth Strategist Specialist;Granite;tan optical;Representative moratorium Compatible;bypassing Republic) Avon;Chief Enhanced;invoice Supervisor;SMTP synthesize back;payment Unbranded;Table SAS Michigan
